"","SenderID","Time","Longitude","Latitude"
"564","S-000097","2017-09-16 21:11:08",29.7618448,-95.3579596
"1","S-000097","2017-09-16 21:11:43",29.7618564,-95.3579583
"995","S-000097","2017-09-16 21:11:53",29.7618686,-95.3579162
"108","S-000097","2017-09-16 21:12:17",29.7617985,-95.3579718
"595","S-000097","2017-09-16 21:12:22",29.7618242,-95.3579359
"907","S-000097","2017-09-16 21:14:14",29.7617934,-95.3579365
"821","S-000097","2017-09-16 21:14:26",29.7618599,-95.3579019
"166","S-000097","2017-09-16 21:14:37",29.7617911,-95.3579991
"235","S-000097","2017-09-16 21:15:30",29.7617916,-95.3579283
"174","S-000097","2017-09-16 21:15:35",29.7617801,-95.3579806
"152","S-000097","2017-09-16 21:23:08",29.7618689,-95.3579145
"254","S-000097","2017-09-16 21:25:06",29.7617797,-95.3579808
"65","S-000097","2017-09-16 21:25:34",29.7618308,-95.3579848
"607","S-000007","2017-09-16 21:11:47",29.761872,-95.3579587
"605","S-000007","2017-09-16 21:13:11",29.7618444,-95.357921
"2","S-000007","2017-09-16 21:14:31",29.7618323,-95.3579587
"62","S-000007","2017-09-16 21:16:43",29.7618025,-95.3579457
"571","S-000007","2017-09-16 21:17:33",29.7618544,-95.3579926
"76","S-000007","2017-09-16 21:18:52",29.7618193,-95.3579756
"151","S-000007","2017-09-16 21:23:10",29.7618576,-95.3579061
"670","S-000007","2017-09-16 21:27:07",29.7618639,-95.3579556
"276","S-000069","2017-09-16 21:11:02",29.7617987,-95.3579503
"970","S-000069","2017-09-16 21:11:10",29.7618642,-95.3579064
"789","S-000069","2017-09-16 21:13:39",29.7618644,-95.3579414
"3","S-000069","2017-09-16 21:13:58",29.7618632,-95.3579029
"936","S-000069","2017-09-16 21:14:24",29.7618198,-95.357957
"601","S-000069","2017-09-16 21:17:15",29.7618491,-95.3579212
"569","S-000069","2017-09-16 21:17:38",29.7618488,-95.3579717
"35","S-000069","2017-09-16 21:17:45",29.7617912,-95.3579374
"665","S-000069","2017-09-16 21:17:49",29.7618567,-95.3579526
"411","S-000069","2017-09-16 21:20:31",29.761807,-95.3579295
"587","S-000069","2017-09-16 21:22:07",29.7618104,-95.3579342
"60","S-000069","2017-09-16 21:22:18",29.7618139,-95.3579924
"682","S-000069","2017-09-16 21:22:39",29.761821,-95.3579625
"645","S-000069","2017-09-16 21:23:51",29.761823,-95.3579912
"749","S-000069","2017-09-16 21:27:17",29.7618074,-95.357954
"847","S-000033","2017-09-16 21:10:44",29.7618272,-95.3579785
"873","S-000033","2017-09-16 21:11:55",29.7618602,-95.3579248
"614","S-000033","2017-09-16 21:16:26",29.7618085,-95.3579312
"4","S-000033","2017-09-16 21:18:23",29.761805,-95.357953
"649","S-000033","2017-09-16 21:22:27",29.7618157,-95.3579307
"1000","S-000033","2017-09-16 21:23:45",29.7618653,-95.3579501
"245","S-000043","2017-09-16 21:12:03",29.7618275,-95.3579802
"459","S-000043","2017-09-16 21:12:20",29.7618008,-95.3579615
"553","S-000043","2017-09-16 21:17:37",29.7618389,-95.3579752
"5","S-000043","2017-09-16 21:18:53",29.76184,-95.3579309
"160","S-000043","2017-09-16 21:20:54",29.7618691,-95.3579874
"262","S-000043","2017-09-16 21:21:19",29.7618588,-95.3579565
"696","S-000043","2017-09-16 21:23:47",29.7618116,-95.3579816
"548","S-000043","2017-09-16 21:24:58",29.7618045,-95.3579651
"927","S-000008","2017-09-16 21:11:10",29.7618675,-95.3579258
"504","S-000008","2017-09-16 21:13:42",29.7618304,-95.357993
"6","S-000008","2017-09-16 21:17:06",29.761796,-95.357976
"952","S-000008","2017-09-16 21:17:13",29.7618225,-95.357923
"540","S-000008","2017-09-16 21:27:02",29.7618021,-95.3579696
"922","S-000031","2017-09-16 21:10:50",29.7618508,-95.3579485
"7","S-000031","2017-09-16 21:14:21",29.7618207,-95.3579536
"823","S-000031","2017-09-16 21:15:53",29.7618297,-95.357908
"61","S-000031","2017-09-16 21:15:54",29.7618694,-95.3579828
"803","S-000031","2017-09-16 21:17:16",29.761853,-95.357935
"525","S-000031","2017-09-16 21:18:24",29.7618315,-95.3579013
"705","S-000031","2017-09-16 21:18:55",29.7617883,-95.3579164
"636","S-000031","2017-09-16 21:19:04",29.761794,-95.3579691
"701","S-000031","2017-09-16 21:19:07",29.7618113,-95.3579416
"257","S-000031","2017-09-16 21:21:19",29.7617808,-95.3579108
"577","S-000031","2017-09-16 21:21:41",29.7617953,-95.3579828
"14","S-000031","2017-09-16 21:24:20",29.7617973,-95.3579891
"621","S-000031","2017-09-16 21:25:28",29.7618464,-95.357969
"913","S-000089","2017-09-16 21:11:00",29.7618452,-95.3579655
"999","S-000089","2017-09-16 21:11:47",29.7618475,-95.3579753
"357","S-000089","2017-09-16 21:12:13",29.7618223,-95.3579842
"681","S-000089","2017-09-16 21:13:59",29.7618605,-95.35792
"930","S-000089","2017-09-16 21:14:34",29.7618319,-95.3579193
"471","S-000089","2017-09-16 21:14:47",29.7618285,-95.3579538
"702","S-000089","2017-09-16 21:15:12",29.7618571,-95.3579265
"8","S-000089","2017-09-16 21:15:18",29.7618477,-95.3579746
"529","S-000089","2017-09-16 21:16:00",29.7618178,-95.3579867
"832","S-000089","2017-09-16 21:16:24",29.7618432,-95.3579933
"791","S-000089","2017-09-16 21:16:55",29.7617832,-95.3579127
"219","S-000089","2017-09-16 21:18:43",29.761775,-95.3579557
"824","S-000089","2017-09-16 21:21:25",29.7618623,-95.3579717
"479","S-000089","2017-09-16 21:24:25",29.7618274,-95.3579712
"503","S-000089","2017-09-16 21:26:14",29.7618386,-95.3579646
"460","S-000093","2017-09-16 21:12:02",29.7618456,-95.3579353
"979","S-000093","2017-09-16 21:13:46",29.7617746,-95.3579884
"777","S-000093","2017-09-16 21:14:02",29.761816,-95.3579663
"501","S-000093","2017-09-16 21:15:23",29.7618523,-95.3579363
"650","S-000093","2017-09-16 21:18:18",29.7617934,-95.3579941
"9","S-000093","2017-09-16 21:18:52",29.7617796,-95.3579384
"292","S-000093","2017-09-16 21:22:19",29.7618077,-95.3579734
"10","S-000096","2017-09-16 21:11:09",29.7618278,-95.3579478
"438","S-000096","2017-09-16 21:11:56",29.7618678,-95.3579062
"11","S-000096","2017-09-16 21:15:06",29.7617737,-95.3579591
"470","S-000096","2017-09-16 21:15:31",29.7617807,-95.3579404
"555","S-000096","2017-09-16 21:17:14",29.7618476,-95.357986
"872","S-000096","2017-09-16 21:23:46",29.7618343,-95.3579906
"69","S-000096","2017-09-16 21:24:57",29.761849,-95.3579441
"790","S-000096","2017-09-16 21:26:05",29.7618072,-95.357914
"384","S-000002","2017-09-16 21:11:23",29.7618532,-95.3579914
"635","S-000002","2017-09-16 21:12:16",29.76185,-95.3579731
"190","S-000002","2017-09-16 21:13:08",29.7617863,-95.3579594
"719","S-000002","2017-09-16 21:15:42",29.7618128,-95.3579729
"562","S-000002","2017-09-16 21:15:54",29.7618081,-95.3579977
"673","S-000002","2017-09-16 21:16:37",29.7618295,-95.3579253
"660","S-000002","2017-09-16 21:19:36",29.7618289,-95.3579911
"917","S-000002","2017-09-16 21:19:55",29.761781,-95.3579535
"296","S-000002","2017-09-16 21:22:02",29.7617866,-95.3579643
"925","S-000002","2017-09-16 21:22:20",29.7618122,-95.3579396
"12","S-000002","2017-09-16 21:23:11",29.7618337,-95.3579576
"353","S-000002","2017-09-16 21:23:22",29.7618161,-95.3579565
"45","S-000002","2017-09-16 21:25:14",29.761819,-95.3579788
"75","S-000002","2017-09-16 21:26:10",29.7618534,-95.3579125
"994","S-000002","2017-09-16 21:26:31",29.7618006,-95.3579497
"854","S-000052","2017-09-16 21:15:43",29.7618084,-95.3579875
"937","S-000052","2017-09-16 21:16:04",29.761778,-95.3579544
"107","S-000052","2017-09-16 21:18:10",29.7618156,-95.3579558
"442","S-000052","2017-09-16 21:19:37",29.7617836,-95.3579872
"514","S-000052","2017-09-16 21:19:52",29.7618631,-95.3579521
"652","S-000052","2017-09-16 21:22:38",29.7618354,-95.3579315
"990","S-000052","2017-09-16 21:25:49",29.7618299,-95.357976
"13","S-000052","2017-09-16 21:26:54",29.7618058,-95.3579067
"715","S-000079","2017-09-16 21:11:10",29.7618449,-95.3579417
"441","S-000079","2017-09-16 21:13:36",29.7618272,-95.3579769
"15","S-000079","2017-09-16 21:15:31",29.7618591,-95.3579773
"666","S-000079","2017-09-16 21:18:03",29.7617974,-95.3579695
"90","S-000079","2017-09-16 21:18:26",29.7617835,-95.357911
"301","S-000079","2017-09-16 21:20:43",29.761866,-95.3579823
"526","S-000079","2017-09-16 21:21:20",29.7618537,-95.3579832
"422","S-000079","2017-09-16 21:21:50",29.7618659,-95.3579937
"544","S-000079","2017-09-16 21:22:10",29.7618003,-95.3579019
"280","S-000079","2017-09-16 21:22:18",29.7618023,-95.3579287
"570","S-000079","2017-09-16 21:22:31",29.7618432,-95.3579237
"135","S-000079","2017-09-16 21:23:02",29.7618142,-95.3579895
"187","S-000079","2017-09-16 21:24:09",29.7618467,-95.3579055
"602","S-000079","2017-09-16 21:26:45",29.7618367,-95.3579148
"298","S-000079","2017-09-16 21:27:03",29.7617839,-95.357941
"342","S-000100","2017-09-16 21:13:01",29.7618615,-95.3579894
"227","S-000100","2017-09-16 21:16:41",29.7617937,-95.3579967
"344","S-000100","2017-09-16 21:19:53",29.7618554,-95.3579692
"16","S-000100","2017-09-16 21:21:05",29.7617937,-95.3579707
"610","S-000100","2017-09-16 21:23:56",29.7617887,-95.3579525
"323","S-000100","2017-09-16 21:24:07",29.761805,-95.3579242
"951","S-000100","2017-09-16 21:25:54",29.7617927,-95.3579418
"809","S-000054","2017-09-16 21:11:12",29.7617946,-95.3579097
"703","S-000054","2017-09-16 21:11:50",29.7617988,-95.3579692
"149","S-000054","2017-09-16 21:12:58",29.7618057,-95.3579918
"556","S-000054","2017-09-16 21:14:14",29.761854,-95.3579598
"653","S-000054","2017-09-16 21:14:32",29.761787,-95.357967
"17","S-000054","2017-09-16 21:16:53",29.7618425,-95.3579014
"668","S-000054","2017-09-16 21:19:33",29.7618092,-95.3579093
"737","S-000054","2017-09-16 21:22:53",29.7618453,-95.3579062
"939","S-000054","2017-09-16 21:23:43",29.7617726,-95.3579787
"487","S-000054","2017-09-16 21:23:46",29.7618526,-95.3579265
"934","S-000054","2017-09-16 21:25:55",29.7618707,-95.3579752
"882","S-000054","2017-09-16 21:26:05",29.7618373,-95.3579319
"381","S-000054","2017-09-16 21:26:10",29.7617896,-95.3579239
"785","S-000054","2017-09-16 21:26:31",29.7617844,-95.3579733
"18","S-000057","2017-09-16 21:11:46",29.7618567,-95.35795
"931","S-000057","2017-09-16 21:12:38",29.7617818,-95.3579382
"159","S-000057","2017-09-16 21:13:02",29.761814,-95.3579645
"237","S-000057","2017-09-16 21:13:38",29.7618599,-95.3579683
"133","S-000057","2017-09-16 21:16:48",29.7617916,-95.3579791
"454","S-000057","2017-09-16 21:17:15",29.7618266,-95.3579016
"265","S-000057","2017-09-16 21:18:42",29.7618231,-95.3579991
"310","S-000057","2017-09-16 21:19:30",29.761858,-95.3579314
"430","S-000057","2017-09-16 21:20:33",29.7618214,-95.3579025
"932","S-000057","2017-09-16 21:21:12",29.7618474,-95.3579263
"808","S-000057","2017-09-16 21:22:01",29.761864,-95.3579587
"945","S-000057","2017-09-16 21:22:51",29.7618648,-95.3579972
"957","S-000057","2017-09-16 21:24:51",29.7618275,-95.3579743
"993","S-000057","2017-09-16 21:26:41",29.7618048,-95.3579715
"921","S-000080","2017-09-16 21:11:09",29.7618585,-95.3579456
"388","S-000080","2017-09-16 21:13:13",29.761857,-95.357908
"901","S-000080","2017-09-16 21:16:59",29.7618042,-95.3579821
"168","S-000080","2017-09-16 21:17:39",29.7618014,-95.3579113
"220","S-000080","2017-09-16 21:19:40",29.761822,-95.3579792
"19","S-000080","2017-09-16 21:22:32",29.7618594,-95.3579925
"217","S-000080","2017-09-16 21:22:54",29.7618234,-95.3579872
"662","S-000080","2017-09-16 21:25:03",29.7617974,-95.3579196
"409","S-000080","2017-09-16 21:26:28",29.7617977,-95.3579575
"43","S-000064","2017-09-16 21:13:10",29.7618278,-95.3579097
"598","S-000064","2017-09-16 21:13:34",29.7618022,-95.357991
"627","S-000064","2017-09-16 21:18:15",29.7618348,-95.3579827
"317","S-000064","2017-09-16 21:19:35",29.7618435,-95.3579275
"20","S-000064","2017-09-16 21:21:08",29.7618365,-95.3579565
"620","S-000064","2017-09-16 21:23:34",29.7618061,-95.3579199
"480","S-000064","2017-09-16 21:24:07",29.7618501,-95.3579186
"491","S-000064","2017-09-16 21:25:44",29.7617753,-95.3579359
"184","S-000064","2017-09-16 21:26:44",29.7618176,-95.3579324
"575","S-000064","2017-09-16 21:27:07",29.7618052,-95.357962
"774","S-000011","2017-09-16 21:14:27",29.7618492,-95.3579759
"603","S-000011","2017-09-16 21:16:10",29.7618143,-95.357935
"358","S-000011","2017-09-16 21:18:11",29.7618063,-95.3579293
"322","S-000011","2017-09-16 21:20:40",29.7618142,-95.3579608
"21","S-000011","2017-09-16 21:21:59",29.7618617,-95.3579538
"452","S-000011","2017-09-16 21:25:36",29.7618571,-95.3579928
"513","S-000091","2017-09-16 21:13:08",29.7617778,-95.3579949
"690","S-000091","2017-09-16 21:13:21",29.7618197,-95.3579726
"686","S-000091","2017-09-16 21:17:28",29.7618368,-95.3580008
"22","S-000091","2017-09-16 21:21:06",29.7618387,-95.3579064
"998","S-000091","2017-09-16 21:23:42",29.7617849,-95.3579721
"542","S-000022","2017-09-16 21:14:52",29.7618706,-95.3579507
"953","S-000022","2017-09-16 21:14:58",29.7618081,-95.3579144
"208","S-000022","2017-09-16 21:18:32",29.7618461,-95.3579854
"500","S-000022","2017-09-16 21:18:42",29.7617739,-95.3579642
"507","S-000022","2017-09-16 21:20:08",29.761802,-95.3579517
"814","S-000022","2017-09-16 21:20:39",29.7618402,-95.3579236
"859","S-000022","2017-09-16 21:21:14",29.7617774,-95.3579015
"745","S-000022","2017-09-16 21:22:01",29.7617974,-95.3579696
"114","S-000022","2017-09-16 21:22:43",29.7618058,-95.3579169
"31","S-000022","2017-09-16 21:23:03",29.7617886,-95.3579095
"172","S-000022","2017-09-16 21:24:49",29.7617869,-95.3579134
"23","S-000022","2017-09-16 21:26:20",29.7618083,-95.3579146
"465","S-000066","2017-09-16 21:10:49",29.7618355,-95.3579833
"537","S-000066","2017-09-16 21:14:16",29.7618046,-95.3579091
"497","S-000066","2017-09-16 21:14:35",29.7618599,-95.3579698
"818","S-000066","2017-09-16 21:15:40",29.76182,-95.3579243
"467","S-000066","2017-09-16 21:24:07",29.7617799,-95.3579048
"129","S-000066","2017-09-16 21:25:35",29.7618119,-95.3579775
"24","S-000066","2017-09-16 21:26:24",29.7617769,-95.3579895
"232","S-000078","2017-09-16 21:11:29",29.7618567,-95.3579778
"332","S-000078","2017-09-16 21:12:52",29.7617819,-95.3579081
"792","S-000078","2017-09-16 21:14:54",29.7617807,-95.3579752
"27","S-000078","2017-09-16 21:20:06",29.7618045,-95.3579304
"243","S-000078","2017-09-16 21:20:09",29.7618451,-95.3579026
"765","S-000078","2017-09-16 21:22:18",29.7617849,-95.3579944
"883","S-000078","2017-09-16 21:23:15",29.7618542,-95.3579364
"941","S-000078","2017-09-16 21:23:53",29.7618078,-95.3579176
"269","S-000078","2017-09-16 21:23:54",29.7617982,-95.3579315
"328","S-000078","2017-09-16 21:24:05",29.7617792,-95.3579909
"25","S-000078","2017-09-16 21:26:20",29.7618568,-95.3579468
"343","S-000078","2017-09-16 21:26:30",29.7618181,-95.3579121
"386","S-000023","2017-09-16 21:11:51",29.7617732,-95.3579159
"977","S-000023","2017-09-16 21:17:41",29.7617963,-95.3579466
"787","S-000023","2017-09-16 21:18:26",29.7618533,-95.3579109
"448","S-000023","2017-09-16 21:19:32",29.7617903,-95.3579176
"725","S-000023","2017-09-16 21:19:36",29.7618416,-95.3579179
"109","S-000023","2017-09-16 21:19:52",29.7617999,-95.3579595
"319","S-000023","2017-09-16 21:22:52",29.7617902,-95.3579762
"753","S-000023","2017-09-16 21:23:30",29.7618162,-95.357903
"26","S-000023","2017-09-16 21:23:54",29.7618638,-95.3579965
"363","S-000044","2017-09-16 21:10:57",29.7618251,-95.3579986
"911","S-000044","2017-09-16 21:11:20",29.7617801,-95.357993
"852","S-000044","2017-09-16 21:12:22",29.7617757,-95.3579075
"305","S-000044","2017-09-16 21:14:04",29.7618308,-95.3579094
"352","S-000044","2017-09-16 21:15:34",29.7618671,-95.3579249
"270","S-000044","2017-09-16 21:16:45",29.7618131,-95.3579493
"28","S-000044","2017-09-16 21:18:01",29.7618452,-95.3579143
"724","S-000044","2017-09-16 21:21:43",29.7618266,-95.3579209
"427","S-000044","2017-09-16 21:22:10",29.761781,-95.3579565
"282","S-000044","2017-09-16 21:26:47",29.7618086,-95.3579363
"619","S-000032","2017-09-16 21:11:55",29.761774,-95.3579072
"495","S-000032","2017-09-16 21:12:45",29.7618507,-95.3579551
"326","S-000032","2017-09-16 21:12:51",29.761784,-95.3579248
"849","S-000032","2017-09-16 21:13:25",29.7618288,-95.3579819
"143","S-000032","2017-09-16 21:13:39",29.7618277,-95.35791
"833","S-000032","2017-09-16 21:15:51",29.7618501,-95.3579607
"205","S-000032","2017-09-16 21:16:06",29.761807,-95.357903
"583","S-000032","2017-09-16 21:18:33",29.7617759,-95.3579282
"770","S-000032","2017-09-16 21:20:06",29.761796,-95.3579967
"855","S-000032","2017-09-16 21:24:35",29.7617774,-95.3579047
"244","S-000032","2017-09-16 21:25:06",29.7618263,-95.3579978
"534","S-000032","2017-09-16 21:25:46",29.7617891,-95.3579268
"29","S-000032","2017-09-16 21:26:01",29.7618435,-95.3579898
"895","S-000032","2017-09-16 21:26:11",29.7618161,-95.3579538
"290","S-000032","2017-09-16 21:26:12",29.7618211,-95.3579758
"364","S-000032","2017-09-16 21:27:20",29.7618566,-95.3579866
"845","S-000081","2017-09-16 21:11:35",29.7618319,-95.3579552
"30","S-000081","2017-09-16 21:12:22",29.761779,-95.357959
"457","S-000081","2017-09-16 21:12:47",29.7618055,-95.357922
"136","S-000081","2017-09-16 21:13:14",29.7618657,-95.3579804
"888","S-000081","2017-09-16 21:13:49",29.7618542,-95.3579273
"959","S-000081","2017-09-16 21:19:51",29.7618071,-95.3579549
"560","S-000081","2017-09-16 21:20:38",29.7618488,-95.3579076
"905","S-000081","2017-09-16 21:22:18",29.7618132,-95.3579073
"680","S-000081","2017-09-16 21:22:20",29.7618297,-95.3579387
"982","S-000081","2017-09-16 21:22:31",29.7617762,-95.3579839
"313","S-000081","2017-09-16 21:24:39",29.7618434,-95.3579635
"612","S-000081","2017-09-16 21:26:14",29.7618049,-95.3579145
"750","S-000086","2017-09-16 21:11:34",29.7618238,-95.3579837
"815","S-000086","2017-09-16 21:12:40",29.7618294,-95.3579458
"462","S-000086","2017-09-16 21:13:45",29.7617948,-95.3579117
"185","S-000086","2017-09-16 21:14:38",29.7618612,-95.357925
"154","S-000086","2017-09-16 21:14:42",29.7618104,-95.357941
"111","S-000086","2017-09-16 21:17:01",29.7618142,-95.3579075
"440","S-000086","2017-09-16 21:17:07",29.7617918,-95.3579672
"32","S-000086","2017-09-16 21:19:56",29.7617783,-95.3579176
"946","S-000086","2017-09-16 21:22:12",29.7618646,-95.3579956
"148","S-000086","2017-09-16 21:27:06",29.7618482,-95.3579158
"531","S-000085","2017-09-16 21:12:20",29.7618687,-95.3579623
"371","S-000085","2017-09-16 21:12:28",29.7618586,-95.357951
"271","S-000085","2017-09-16 21:13:39",29.7618033,-95.3579038
"408","S-000085","2017-09-16 21:16:47",29.761866,-95.357938
"33","S-000085","2017-09-16 21:17:49",29.7618436,-95.3579121
"68","S-000085","2017-09-16 21:24:08",29.7618263,-95.3579204
"677","S-000085","2017-09-16 21:24:17",29.761779,-95.3579808
"519","S-000085","2017-09-16 21:25:04",29.761841,-95.3579572
"721","S-000085","2017-09-16 21:25:34",29.7617914,-95.357986
"182","S-000085","2017-09-16 21:26:15",29.7618616,-95.3579212
"387","S-000039","2017-09-16 21:13:34",29.7618115,-95.357904
"297","S-000039","2017-09-16 21:14:05",29.7618149,-95.3579748
"34","S-000039","2017-09-16 21:16:06",29.761856,-95.3579887
"134","S-000039","2017-09-16 21:17:03",29.7617875,-95.3579456
"463","S-000039","2017-09-16 21:18:15",29.7618388,-95.3579779
"825","S-000039","2017-09-16 21:21:29",29.7618406,-95.3579014
"464","S-000039","2017-09-16 21:24:10",29.7618699,-95.3579301
"333","S-000039","2017-09-16 21:24:42",29.7617759,-95.3579629
"449","S-000039","2017-09-16 21:25:05",29.7617993,-95.3579329
"904","S-000039","2017-09-16 21:26:54",29.7618219,-95.3579805
"909","S-000048","2017-09-16 21:12:17",29.7618447,-95.3579857
"554","S-000048","2017-09-16 21:15:00",29.7617834,-95.3579258
"776","S-000048","2017-09-16 21:15:17",29.7617877,-95.3579618
"538","S-000048","2017-09-16 21:19:23",29.7618019,-95.3579052
"55","S-000048","2017-09-16 21:21:58",29.7618225,-95.3579677
"349","S-000048","2017-09-16 21:23:15",29.7617933,-95.3579077
"942","S-000048","2017-09-16 21:25:22",29.7617992,-95.3579054
"36","S-000048","2017-09-16 21:25:55",29.7618332,-95.3579246
"360","S-000048","2017-09-16 21:26:29",29.7618143,-95.3579252
"278","S-000048","2017-09-16 21:26:43",29.7617737,-95.3579641
"880","S-000029","2017-09-16 21:11:07",29.7617808,-95.3579138
"713","S-000029","2017-09-16 21:13:30",29.7618581,-95.3579519
"533","S-000029","2017-09-16 21:13:35",29.761848,-95.3579262
"84","S-000029","2017-09-16 21:14:52",29.7618548,-95.3579371
"549","S-000029","2017-09-16 21:15:04",29.7618232,-95.3579068
"213","S-000029","2017-09-16 21:17:04",29.7618527,-95.3579855
"762","S-000029","2017-09-16 21:17:04",29.761791,-95.3579025
"37","S-000029","2017-09-16 21:17:39",29.7618572,-95.3579456
"428","S-000029","2017-09-16 21:26:03",29.7618689,-95.3579421
"484","S-000029","2017-09-16 21:27:01",29.7618496,-95.3579092
"309","S-000095","2017-09-16 21:12:41",29.7618709,-95.3579434
"743","S-000095","2017-09-16 21:14:29",29.7617722,-95.3579162
"683","S-000095","2017-09-16 21:16:30",29.761782,-95.3579878
"811","S-000095","2017-09-16 21:19:19",29.7618658,-95.357916
"247","S-000095","2017-09-16 21:19:55",29.7618616,-95.3579269
"195","S-000095","2017-09-16 21:20:00",29.7618144,-95.3579687
"897","S-000095","2017-09-16 21:22:34",29.7618705,-95.3579522
"38","S-000095","2017-09-16 21:23:38",29.7618617,-95.3579182
"285","S-000074","2017-09-16 21:11:37",29.7618306,-95.3579979
"274","S-000074","2017-09-16 21:14:03",29.7617967,-95.3580006
"850","S-000074","2017-09-16 21:14:07",29.761784,-95.3579138
"874","S-000074","2017-09-16 21:16:44",29.761786,-95.3579311
"545","S-000074","2017-09-16 21:17:02",29.7618463,-95.3579543
"242","S-000074","2017-09-16 21:17:43",29.7617856,-95.3579443
"39","S-000074","2017-09-16 21:21:40",29.7618686,-95.3579145
"347","S-000074","2017-09-16 21:26:48",29.7617834,-95.3579747
"751","S-000034","2017-09-16 21:11:18",29.7618589,-95.3579873
"40","S-000034","2017-09-16 21:12:36",29.761833,-95.3579415
"902","S-000034","2017-09-16 21:12:37",29.7617892,-95.3579616
"51","S-000034","2017-09-16 21:13:44",29.7618452,-95.3579073
"593","S-000034","2017-09-16 21:15:12",29.7617882,-95.3579987
"146","S-000034","2017-09-16 21:17:24",29.761854,-95.3579153
"914","S-000034","2017-09-16 21:19:48",29.7618658,-95.3579268
"390","S-000034","2017-09-16 21:26:58",29.7618145,-95.3579307
"615","S-000047","2017-09-16 21:11:28",29.7618525,-95.3579731
"839","S-000047","2017-09-16 21:11:37",29.7618283,-95.3579145
"330","S-000047","2017-09-16 21:12:07",29.7618376,-95.3579851
"739","S-000047","2017-09-16 21:13:23",29.7618628,-95.3579177
"926","S-000047","2017-09-16 21:16:50",29.7618125,-95.3579424
"879","S-000047","2017-09-16 21:17:02",29.7618231,-95.3579243
"981","S-000047","2017-09-16 21:19:15",29.7618585,-95.3579522
"784","S-000047","2017-09-16 21:20:08",29.7618085,-95.3579763
"41","S-000047","2017-09-16 21:20:20",29.7618695,-95.3579729
"851","S-000047","2017-09-16 21:20:43",29.7618677,-95.3579524
"557","S-000051","2017-09-16 21:13:06",29.7617975,-95.3579457
"368","S-000051","2017-09-16 21:17:41",29.761847,-95.3579468
"104","S-000051","2017-09-16 21:18:12",29.7618102,-95.3579994
"42","S-000051","2017-09-16 21:20:08",29.7618019,-95.3579492
"127","S-000051","2017-09-16 21:20:45",29.7618673,-95.3579122
"976","S-000051","2017-09-16 21:21:14",29.7617963,-95.3579881
"113","S-000051","2017-09-16 21:21:59",29.7618404,-95.3579606
"944","S-000051","2017-09-16 21:23:48",29.7617846,-95.3579639
"383","S-000051","2017-09-16 21:24:49",29.7617884,-95.3579729
"896","S-000051","2017-09-16 21:25:04",29.761855,-95.3579372
"312","S-000051","2017-09-16 21:25:42",29.7617762,-95.357987
"406","S-000051","2017-09-16 21:25:51",29.7618719,-95.3579309
"468","S-000005","2017-09-16 21:10:56",29.7618704,-95.3579207
"493","S-000005","2017-09-16 21:12:03",29.7618616,-95.3579719
"407","S-000005","2017-09-16 21:14:32",29.7618287,-95.3579736
"986","S-000005","2017-09-16 21:14:32",29.7618552,-95.3579576
"947","S-000005","2017-09-16 21:15:43",29.7618602,-95.3579758
"837","S-000005","2017-09-16 21:18:42",29.7617993,-95.3579506
"44","S-000005","2017-09-16 21:20:55",29.7618582,-95.3579824
"625","S-000005","2017-09-16 21:21:43",29.7618297,-95.3579621
"380","S-000005","2017-09-16 21:23:13",29.7618395,-95.3579718
"173","S-000005","2017-09-16 21:24:33",29.7617859,-95.3579798
"546","S-000005","2017-09-16 21:26:52",29.7618043,-95.3579841
"64","S-000025","2017-09-16 21:11:24",29.7618266,-95.357912
"606","S-000025","2017-09-16 21:12:02",29.7617894,-95.3579729
"46","S-000025","2017-09-16 21:13:20",29.7618347,-95.3579392
"906","S-000025","2017-09-16 21:13:32",29.7617979,-95.3579314
"198","S-000025","2017-09-16 21:13:51",29.7617873,-95.3579972
"723","S-000025","2017-09-16 21:16:18",29.761834,-95.3579267
"443","S-000025","2017-09-16 21:19:13",29.7618482,-95.357939
"340","S-000025","2017-09-16 21:21:50",29.7618412,-95.3579012
"893","S-000025","2017-09-16 21:22:39",29.761819,-95.3579129
"709","S-000025","2017-09-16 21:24:48",29.761814,-95.3579947
"116","S-000042","2017-09-16 21:10:41",29.7617721,-95.3579028
"147","S-000042","2017-09-16 21:11:58",29.7618701,-95.3579082
"186","S-000042","2017-09-16 21:14:48",29.7618404,-95.3579241
"47","S-000042","2017-09-16 21:18:04",29.7618344,-95.3579937
"170","S-000042","2017-09-16 21:19:41",29.761858,-95.3580006
"209","S-000042","2017-09-16 21:23:37",29.7618632,-95.3579716
"167","S-000042","2017-09-16 21:25:52",29.7618337,-95.3579164
"676","S-000076","2017-09-16 21:12:15",29.7618389,-95.3579621
"476","S-000076","2017-09-16 21:12:42",29.7617977,-95.3579741
"397","S-000076","2017-09-16 21:15:23",29.7618494,-95.3579659
"266","S-000076","2017-09-16 21:16:32",29.7618512,-95.3579245
"101","S-000076","2017-09-16 21:18:22",29.7617855,-95.3579764
"351","S-000076","2017-09-16 21:18:27",29.7618528,-95.3579316
"241","S-000076","2017-09-16 21:19:58",29.7617871,-95.3579918
"865","S-000076","2017-09-16 21:20:26",29.7618006,-95.3579405
"85","S-000076","2017-09-16 21:20:38",29.7617916,-95.3579646
"48","S-000076","2017-09-16 21:22:42",29.7618475,-95.3579534
"778","S-000076","2017-09-16 21:23:27",29.7618246,-95.3579252
"475","S-000076","2017-09-16 21:23:54",29.7618614,-95.3579575
"600","S-000076","2017-09-16 21:25:10",29.7618533,-95.3579479
"378","S-000076","2017-09-16 21:25:11",29.7618041,-95.3579373
"362","S-000076","2017-09-16 21:25:57",29.7617999,-95.357925
"97","S-000076","2017-09-16 21:26:15",29.7617835,-95.3579398
"672","S-000038","2017-09-16 21:12:56",29.7618348,-95.3579949
"432","S-000038","2017-09-16 21:13:45",29.7618668,-95.3579786
"796","S-000038","2017-09-16 21:14:24",29.7618422,-95.3579402
"320","S-000038","2017-09-16 21:17:04",29.7618254,-95.3579609
"402","S-000038","2017-09-16 21:17:26",29.7618325,-95.3579671
"971","S-000038","2017-09-16 21:17:59",29.7617794,-95.3579715
"49","S-000038","2017-09-16 21:18:55",29.7618285,-95.3579225
"782","S-000038","2017-09-16 21:19:15",29.7618395,-95.3579396
"887","S-000038","2017-09-16 21:20:33",29.7618125,-95.3579192
"87","S-000038","2017-09-16 21:23:15",29.7618583,-95.3579702
"188","S-000038","2017-09-16 21:24:13",29.7618707,-95.3579397
"203","S-000075","2017-09-16 21:11:12",29.7618263,-95.357999
"279","S-000075","2017-09-16 21:12:53",29.7617775,-95.3579626
"798","S-000075","2017-09-16 21:16:41",29.7618118,-95.357988
"228","S-000075","2017-09-16 21:18:55",29.7618383,-95.3579132
"543","S-000075","2017-09-16 21:19:06",29.7617895,-95.3579491
"252","S-000075","2017-09-16 21:19:48",29.7618318,-95.3579715
"812","S-000075","2017-09-16 21:19:59",29.7618237,-95.3579438
"66","S-000075","2017-09-16 21:21:01",29.761857,-95.3579564
"783","S-000075","2017-09-16 21:21:05",29.7618128,-95.3579804
"140","S-000075","2017-09-16 21:22:35",29.7618307,-95.3579206
"506","S-000075","2017-09-16 21:22:51",29.7618154,-95.3579158
"50","S-000075","2017-09-16 21:25:54",29.7618689,-95.3579288
"802","S-000075","2017-09-16 21:26:03",29.761778,-95.3579651
"183","S-000068","2017-09-16 21:11:50",29.7618423,-95.3579552
"779","S-000068","2017-09-16 21:13:31",29.7617726,-95.3580009
"52","S-000068","2017-09-16 21:22:36",29.7618331,-95.3579356
"366","S-000068","2017-09-16 21:22:53",29.7617883,-95.3579976
"938","S-000068","2017-09-16 21:25:35",29.7618024,-95.3579214
"348","S-000068","2017-09-16 21:26:33",29.7618307,-95.3579775
"664","S-000068","2017-09-16 21:26:33",29.7618048,-95.3579693
"964","S-000068","2017-09-16 21:27:08",29.7618709,-95.3579873
"996","S-000068","2017-09-16 21:27:15",29.7618171,-95.3579178
"478","S-000099","2017-09-16 21:11:37",29.7617862,-95.3579308
"856","S-000099","2017-09-16 21:15:53",29.7617976,-95.3579347
"272","S-000099","2017-09-16 21:15:58",29.7618566,-95.3579144
"214","S-000099","2017-09-16 21:18:11",29.7618625,-95.3579318
"878","S-000099","2017-09-16 21:19:26",29.7618308,-95.3579435
"53","S-000099","2017-09-16 21:23:59",29.7617931,-95.3579941
"215","S-000099","2017-09-16 21:25:09",29.761813,-95.3579791
"829","S-000016","2017-09-16 21:14:36",29.761864,-95.3579286
"629","S-000016","2017-09-16 21:14:39",29.7618245,-95.3579295
"642","S-000016","2017-09-16 21:16:20",29.7618364,-95.3579731
"988","S-000016","2017-09-16 21:21:51",29.761811,-95.3579791
"639","S-000016","2017-09-16 21:24:28",29.7618268,-95.3579825
"345","S-000016","2017-09-16 21:26:03",29.7618,-95.3579748
"54","S-000016","2017-09-16 21:26:27",29.7618116,-95.357983
"948","S-000041","2017-09-16 21:10:43",29.7618546,-95.357997
"79","S-000041","2017-09-16 21:11:42",29.7618512,-95.3579892
"903","S-000041","2017-09-16 21:12:43",29.7618361,-95.3579123
"943","S-000041","2017-09-16 21:13:26",29.7618518,-95.3579614
"875","S-000041","2017-09-16 21:14:01",29.761841,-95.3579929
"56","S-000041","2017-09-16 21:14:49",29.7617727,-95.3579526
"418","S-000041","2017-09-16 21:15:57",29.7618095,-95.3579258
"130","S-000041","2017-09-16 21:17:55",29.761814,-95.3579043
"698","S-000041","2017-09-16 21:18:13",29.7618601,-95.35795
"807","S-000041","2017-09-16 21:18:21",29.7618428,-95.3579403
"707","S-000041","2017-09-16 21:20:56",29.7618262,-95.3579225
"88","S-000041","2017-09-16 21:21:40",29.7617722,-95.3579766
"115","S-000041","2017-09-16 21:23:07",29.7618296,-95.3579734
"385","S-000041","2017-09-16 21:24:19",29.7617965,-95.3579975
"234","S-000041","2017-09-16 21:27:02",29.7618477,-95.357905
"216","S-000090","2017-09-16 21:12:31",29.7618491,-95.357972
"898","S-000090","2017-09-16 21:15:42",29.7618533,-95.3579313
"515","S-000090","2017-09-16 21:16:23",29.7618469,-95.357909
"57","S-000090","2017-09-16 21:16:59",29.7618692,-95.3579143
"346","S-000090","2017-09-16 21:17:36",29.7618588,-95.3579696
"466","S-000090","2017-09-16 21:18:26",29.7618629,-95.3579647
"819","S-000090","2017-09-16 21:20:03",29.7617745,-95.357932
"295","S-000090","2017-09-16 21:20:05",29.761839,-95.3579877
"756","S-000090","2017-09-16 21:21:09",29.7617921,-95.3579102
"206","S-000090","2017-09-16 21:21:12",29.7617732,-95.3579742
"757","S-000090","2017-09-16 21:22:29",29.7617751,-95.3579419
"912","S-000090","2017-09-16 21:24:53",29.7617758,-95.3579327
"718","S-000090","2017-09-16 21:24:55",29.7618588,-95.3579118
"125","S-000090","2017-09-16 21:25:29",29.761849,-95.3579192
"144","S-000090","2017-09-16 21:26:57",29.7618279,-95.3579415
"339","S-000021","2017-09-16 21:11:44",29.7618275,-95.3579504
"492","S-000021","2017-09-16 21:15:03",29.7618376,-95.3579945
"876","S-000021","2017-09-16 21:15:21",29.7618196,-95.35793
"74","S-000021","2017-09-16 21:17:08",29.7617871,-95.3579211
"962","S-000021","2017-09-16 21:18:49",29.7618475,-95.3579629
"194","S-000021","2017-09-16 21:20:09",29.7618272,-95.3579912
"421","S-000021","2017-09-16 21:20:54",29.7617823,-95.3579858
"631","S-000021","2017-09-16 21:22:51",29.7618401,-95.3579784
"654","S-000021","2017-09-16 21:24:43",29.7617925,-95.3579295
"58","S-000021","2017-09-16 21:26:23",29.7618091,-95.3579823
"509","S-000013","2017-09-16 21:11:48",29.761858,-95.3579856
"236","S-000013","2017-09-16 21:14:38",29.7618104,-95.3579094
"59","S-000013","2017-09-16 21:15:57",29.7618609,-95.3579781
"70","S-000013","2017-09-16 21:16:11",29.7617946,-95.3579521
"929","S-000013","2017-09-16 21:16:58",29.7618624,-95.3579658
"799","S-000013","2017-09-16 21:17:20",29.7617763,-95.3579845
"867","S-000013","2017-09-16 21:18:58",29.7618256,-95.357959
"820","S-000013","2017-09-16 21:20:21",29.7618226,-95.3579018
"171","S-000013","2017-09-16 21:20:39",29.7618684,-95.3579183
"321","S-000013","2017-09-16 21:23:39",29.7617955,-95.3579842
"499","S-000013","2017-09-16 21:25:55",29.7618182,-95.3579735
"483","S-000004","2017-09-16 21:16:40",29.7618062,-95.3579753
"797","S-000004","2017-09-16 21:17:01",29.7618535,-95.3579719
"754","S-000004","2017-09-16 21:22:27",29.7618176,-95.3579015
"591","S-000004","2017-09-16 21:23:43",29.7618129,-95.35797
"63","S-000004","2017-09-16 21:26:43",29.7617765,-95.3579996
"758","S-000092","2017-09-16 21:12:38",29.7618649,-95.3579223
"141","S-000092","2017-09-16 21:15:08",29.7618648,-95.3579622
"655","S-000092","2017-09-16 21:15:50",29.7618485,-95.3579337
"608","S-000092","2017-09-16 21:16:07",29.7618028,-95.3579035
"391","S-000092","2017-09-16 21:16:15",29.7618569,-95.3579345
"582","S-000092","2017-09-16 21:19:42",29.7618067,-95.3579696
"450","S-000092","2017-09-16 21:21:31",29.7617774,-95.3579918
"588","S-000092","2017-09-16 21:21:56",29.7617951,-95.3579876
"613","S-000092","2017-09-16 21:23:27",29.7618239,-95.3579257
"100","S-000092","2017-09-16 21:24:14",29.7618675,-95.3579549
"67","S-000092","2017-09-16 21:25:40",29.7617982,-95.3579083
"458","S-000092","2017-09-16 21:25:44",29.7618501,-95.358001
"826","S-000092","2017-09-16 21:25:47",29.7618461,-95.357979
"117","S-000092","2017-09-16 21:26:07",29.7618453,-95.3579335
"158","S-000015","2017-09-16 21:15:11",29.7617799,-95.3579296
"842","S-000015","2017-09-16 21:15:52",29.7618013,-95.3579974
"121","S-000015","2017-09-16 21:15:59",29.7618017,-95.3579524
"92","S-000015","2017-09-16 21:16:49",29.7618197,-95.3579132
"71","S-000015","2017-09-16 21:18:31",29.7618489,-95.3579496
"578","S-000015","2017-09-16 21:19:32",29.7618018,-95.3579509
"82","S-000015","2017-09-16 21:20:46",29.7617809,-95.3579918
"267","S-000015","2017-09-16 21:21:32",29.7618551,-95.3579157
"405","S-000015","2017-09-16 21:21:53",29.761772,-95.3579743
"102","S-000015","2017-09-16 21:22:41",29.7618631,-95.3579335
"641","S-000015","2017-09-16 21:24:26",29.7618628,-95.3579961
"835","S-000037","2017-09-16 21:16:30",29.7618173,-95.3579178
"559","S-000037","2017-09-16 21:19:26",29.7618344,-95.3579359
"72","S-000037","2017-09-16 21:22:34",29.7618501,-95.3579642
"699","S-000037","2017-09-16 21:23:20",29.7618062,-95.3579764
"277","S-000037","2017-09-16 21:23:23",29.7617726,-95.3579252
"300","S-000037","2017-09-16 21:24:01",29.7617905,-95.357992
"225","S-000037","2017-09-16 21:24:11",29.7618123,-95.3579516
"73","S-000087","2017-09-16 21:12:28",29.7617944,-95.3579822
"916","S-000087","2017-09-16 21:12:50",29.7618286,-95.3579802
"576","S-000087","2017-09-16 21:14:52",29.7618117,-95.3579107
"566","S-000087","2017-09-16 21:16:24",29.7618709,-95.3579062
"95","S-000087","2017-09-16 21:18:22",29.7618608,-95.3579877
"307","S-000087","2017-09-16 21:18:36",29.7618519,-95.3579036
"361","S-000087","2017-09-16 21:18:56",29.7618055,-95.3579337
"398","S-000087","2017-09-16 21:20:38",29.761861,-95.3579693
"350","S-000087","2017-09-16 21:21:20",29.7618134,-95.3579919
"89","S-000087","2017-09-16 21:22:12",29.7618009,-95.3579886
"275","S-000087","2017-09-16 21:22:36",29.7618621,-95.3579936
"229","S-000087","2017-09-16 21:24:36",29.7618416,-95.3579129
"230","S-000087","2017-09-16 21:24:51",29.7618153,-95.3579461
"105","S-000087","2017-09-16 21:25:20",29.7618457,-95.3579219
"287","S-000062","2017-09-16 21:11:47",29.761787,-95.3579909
"539","S-000062","2017-09-16 21:11:54",29.7617831,-95.357911
"412","S-000062","2017-09-16 21:14:54",29.761809,-95.3579802
"646","S-000062","2017-09-16 21:17:21",29.7618059,-95.3579496
"258","S-000062","2017-09-16 21:17:44",29.7617935,-95.3579517
"868","S-000062","2017-09-16 21:20:30",29.7618524,-95.3579207
"372","S-000062","2017-09-16 21:22:09",29.7618036,-95.3579369
"890","S-000062","2017-09-16 21:23:05",29.7617819,-95.3579932
"656","S-000062","2017-09-16 21:23:26",29.7618148,-95.3579756
"77","S-000062","2017-09-16 21:25:46",29.7618684,-95.3579992
"775","S-000062","2017-09-16 21:26:35",29.7618493,-95.3580008
"623","S-000045","2017-09-16 21:10:42",29.761808,-95.3579508
"284","S-000045","2017-09-16 21:13:14",29.7618382,-95.3579065
"417","S-000045","2017-09-16 21:16:21",29.7618082,-95.3579201
"489","S-000045","2017-09-16 21:21:50",29.761825,-95.3579822
"78","S-000045","2017-09-16 21:22:28",29.7618063,-95.3579454
"647","S-000045","2017-09-16 21:23:34",29.7618414,-95.3579259
"447","S-000045","2017-09-16 21:23:45",29.7618605,-95.3579153
"156","S-000045","2017-09-16 21:25:31",29.761803,-95.3579557
"354","S-000045","2017-09-16 21:26:24",29.7618615,-95.3579116
"877","S-000045","2017-09-16 21:26:32",29.7618712,-95.3579076
"294","S-000045","2017-09-16 21:26:45",29.7618212,-95.3579446
"131","S-000045","2017-09-16 21:26:50",29.7617979,-95.3579159
"827","S-000045","2017-09-16 21:26:53",29.7618191,-95.3579674
"711","S-000030","2017-09-16 21:12:09",29.7618055,-95.357904
"516","S-000030","2017-09-16 21:13:05",29.7618455,-95.3579727
"126","S-000030","2017-09-16 21:14:13",29.7618583,-95.3579306
"700","S-000030","2017-09-16 21:14:40",29.7618658,-95.3579301
"535","S-000030","2017-09-16 21:14:54",29.7618232,-95.3579114
"80","S-000030","2017-09-16 21:15:41",29.7618436,-95.3579697
"585","S-000030","2017-09-16 21:16:47",29.7618482,-95.3579596
"91","S-000030","2017-09-16 21:22:27",29.7618609,-95.3579798
"145","S-000030","2017-09-16 21:24:36",29.7618585,-95.3579415
"828","S-000030","2017-09-16 21:24:58",29.7618003,-95.3579384
"706","S-000030","2017-09-16 21:25:19",29.7618194,-95.3579418
"94","S-000030","2017-09-16 21:25:53",29.7617773,-95.3579943
"419","S-000073","2017-09-16 21:11:17",29.7617891,-95.357938
"710","S-000073","2017-09-16 21:12:34",29.7617983,-95.3579867
"246","S-000073","2017-09-16 21:14:42",29.7618542,-95.3579462
"622","S-000073","2017-09-16 21:16:05",29.7617759,-95.3579353
"565","S-000073","2017-09-16 21:18:55",29.7618245,-95.3579175
"251","S-000073","2017-09-16 21:19:22",29.7618093,-95.3579681
"379","S-000073","2017-09-16 21:23:43",29.7617888,-95.3579423
"949","S-000073","2017-09-16 21:24:23",29.7618001,-95.3579226
"81","S-000073","2017-09-16 21:24:44",29.7618378,-95.3579628
"337","S-000073","2017-09-16 21:25:25",29.7618238,-95.3579887
"303","S-000073","2017-09-16 21:26:10",29.7618219,-95.3579675
"767","S-000073","2017-09-16 21:27:10",29.7617721,-95.3579073
"255","S-000073","2017-09-16 21:27:19",29.7618193,-95.3579558
"967","S-000026","2017-09-16 21:11:19",29.7618315,-95.3579425
"273","S-000026","2017-09-16 21:11:54",29.7618627,-95.3579513
"83","S-000026","2017-09-16 21:12:25",29.7618231,-95.357913
"98","S-000026","2017-09-16 21:12:36",29.7617761,-95.3579407
"423","S-000026","2017-09-16 21:14:18",29.7618429,-95.3579169
"584","S-000026","2017-09-16 21:20:19",29.7618361,-95.3579319
"651","S-000026","2017-09-16 21:20:56",29.7618345,-95.3579418
"212","S-000026","2017-09-16 21:21:12",29.7618553,-95.3579761
"293","S-000026","2017-09-16 21:23:20",29.7618504,-95.3579562
"395","S-000026","2017-09-16 21:23:29",29.7618082,-95.3579706
"735","S-000026","2017-09-16 21:26:16",29.7618025,-95.3579536
"238","S-000059","2017-09-16 21:14:09",29.7617993,-95.3579296
"674","S-000059","2017-09-16 21:14:26",29.7617844,-95.35799
"373","S-000059","2017-09-16 21:14:29",29.7618035,-95.3579503
"169","S-000059","2017-09-16 21:14:37",29.7618036,-95.3579387
"989","S-000059","2017-09-16 21:15:24",29.7617834,-95.3579321
"477","S-000059","2017-09-16 21:18:27",29.7618548,-95.3579607
"177","S-000059","2017-09-16 21:21:06",29.7618428,-95.3580003
"86","S-000059","2017-09-16 21:24:49",29.7618119,-95.3579293
"239","S-000059","2017-09-16 21:26:23",29.7617858,-95.3579339
"813","S-000024","2017-09-16 21:11:22",29.761834,-95.3579938
"853","S-000024","2017-09-16 21:12:22",29.7618197,-95.357978
"93","S-000024","2017-09-16 21:13:06",29.7617757,-95.3579042
"150","S-000024","2017-09-16 21:13:36",29.7617868,-95.3579759
"204","S-000024","2017-09-16 21:14:52",29.7618183,-95.3579903
"176","S-000024","2017-09-16 21:16:30",29.7617778,-95.3579557
"991","S-000024","2017-09-16 21:19:28",29.7618334,-95.3579922
"253","S-000024","2017-09-16 21:20:05",29.7618274,-95.357951
"355","S-000024","2017-09-16 21:25:31",29.761775,-95.3579844
"840","S-000024","2017-09-16 21:26:06",29.761823,-95.3579168
"96","S-000019","2017-09-16 21:10:53",29.7618306,-95.3579537
"984","S-000019","2017-09-16 21:11:23",29.7617983,-95.3579698
"191","S-000019","2017-09-16 21:13:14",29.7618643,-95.3579351
"311","S-000019","2017-09-16 21:13:48",29.7617842,-95.3579331
"103","S-000019","2017-09-16 21:14:16",29.7618612,-95.3579916
"536","S-000019","2017-09-16 21:17:12",29.7618153,-95.3579997
"822","S-000019","2017-09-16 21:18:23",29.7618637,-95.3579048
"773","S-000019","2017-09-16 21:22:25",29.7618383,-95.3579634
"382","S-000019","2017-09-16 21:23:33",29.7617975,-95.3579576
"318","S-000019","2017-09-16 21:23:53",29.7618566,-95.3579623
"439","S-000019","2017-09-16 21:25:07",29.7618026,-95.3579979
"530","S-000053","2017-09-16 21:10:44",29.7618583,-95.3579978
"764","S-000053","2017-09-16 21:15:35",29.7618629,-95.3579422
"924","S-000053","2017-09-16 21:16:23",29.761852,-95.357904
"963","S-000053","2017-09-16 21:17:20",29.7617782,-95.3579902
"99","S-000053","2017-09-16 21:17:30",29.7618613,-95.3579455
"599","S-000053","2017-09-16 21:19:34",29.7618201,-95.3579273
"189","S-000053","2017-09-16 21:20:44",29.7618668,-95.357972
"429","S-000053","2017-09-16 21:22:02",29.7618489,-95.3579083
"199","S-000053","2017-09-16 21:23:29",29.7618131,-95.3579914
"734","S-000006","2017-09-16 21:11:29",29.761786,-95.3579867
"726","S-000006","2017-09-16 21:12:11",29.761779,-95.3579299
"644","S-000006","2017-09-16 21:13:23",29.761831,-95.3579206
"306","S-000006","2017-09-16 21:13:26",29.7618715,-95.3579101
"106","S-000006","2017-09-16 21:14:52",29.7618052,-95.3579533
"128","S-000006","2017-09-16 21:24:05",29.7618681,-95.3579832
"678","S-000006","2017-09-16 21:24:47",29.7618303,-95.3579758
"124","S-000006","2017-09-16 21:26:26",29.7618057,-95.3579879
"871","S-000055","2017-09-16 21:10:49",29.7618373,-95.3579101
"806","S-000055","2017-09-16 21:12:19",29.761861,-95.3579478
"810","S-000055","2017-09-16 21:12:57",29.761793,-95.3579679
"304","S-000055","2017-09-16 21:13:14",29.7617872,-95.3579839
"581","S-000055","2017-09-16 21:16:00",29.7618452,-95.3579051
"633","S-000055","2017-09-16 21:18:27",29.7618104,-95.3579042
"369","S-000055","2017-09-16 21:19:02",29.7617945,-95.3579931
"567","S-000055","2017-09-16 21:22:10",29.7618555,-95.357911
"110","S-000055","2017-09-16 21:24:50",29.7618587,-95.3579489
"915","S-000055","2017-09-16 21:27:01",29.7617982,-95.3579566
"512","S-000055","2017-09-16 21:27:17",29.7618306,-95.3579814
"488","S-000058","2017-09-16 21:13:21",29.761809,-95.357966
"671","S-000058","2017-09-16 21:14:44",29.7618099,-95.3579189
"155","S-000058","2017-09-16 21:15:11",29.7618706,-95.3579804
"838","S-000058","2017-09-16 21:16:21",29.7618348,-95.3579465
"202","S-000058","2017-09-16 21:18:00",29.7617802,-95.3579588
"112","S-000058","2017-09-16 21:18:44",29.7618173,-95.3579516
"404","S-000058","2017-09-16 21:18:47",29.7618484,-95.3579074
"259","S-000058","2017-09-16 21:19:04",29.7618006,-95.3579259
"221","S-000058","2017-09-16 21:19:22",29.7618115,-95.3579928
"761","S-000058","2017-09-16 21:19:54",29.761856,-95.3579664
"444","S-000058","2017-09-16 21:22:52",29.7618381,-95.3579214
"192","S-000058","2017-09-16 21:24:39",29.761841,-95.3579721
"572","S-000058","2017-09-16 21:25:39",29.7618614,-95.3579642
"638","S-000072","2017-09-16 21:16:09",29.7618162,-95.3579595
"393","S-000072","2017-09-16 21:17:03",29.7617966,-95.3579208
"616","S-000072","2017-09-16 21:18:07",29.7617957,-95.3579218
"118","S-000072","2017-09-16 21:18:23",29.7618587,-95.3579056
"541","S-000072","2017-09-16 21:19:09",29.7618295,-95.3579132
"579","S-000072","2017-09-16 21:21:05",29.7617818,-95.3579436
"830","S-000072","2017-09-16 21:23:41",29.7617885,-95.3579754
"617","S-000072","2017-09-16 21:23:42",29.7617734,-95.357977
"365","S-000049","2017-09-16 21:13:10",29.7618483,-95.3579969
"485","S-000049","2017-09-16 21:14:52",29.7618438,-95.3579587
"434","S-000049","2017-09-16 21:15:16",29.7618661,-95.3579377
"119","S-000049","2017-09-16 21:16:33",29.761815,-95.3579219
"919","S-000049","2017-09-16 21:20:27",29.7618593,-95.3579636
"178","S-000049","2017-09-16 21:21:22",29.7617872,-95.3579392
"741","S-000049","2017-09-16 21:21:39",29.7618222,-95.3579241
"210","S-000049","2017-09-16 21:22:53",29.7618349,-95.3579571
"420","S-000049","2017-09-16 21:23:29",29.7618692,-95.3579173
"299","S-000018","2017-09-16 21:12:14",29.761782,-95.3579401
"396","S-000018","2017-09-16 21:13:46",29.7617888,-95.3579862
"521","S-000018","2017-09-16 21:14:47",29.7618116,-95.3579423
"992","S-000018","2017-09-16 21:17:34",29.7617811,-95.3579807
"658","S-000018","2017-09-16 21:18:50",29.7618719,-95.3579606
"181","S-000018","2017-09-16 21:20:02",29.7618059,-95.3579775
"860","S-000018","2017-09-16 21:21:36",29.7617917,-95.3579392
"816","S-000018","2017-09-16 21:24:01",29.7617721,-95.3579881
"740","S-000018","2017-09-16 21:25:12",29.7618551,-95.3579282
"120","S-000018","2017-09-16 21:26:35",29.7617982,-95.3579536
"260","S-000018","2017-09-16 21:27:04",29.7618221,-95.3579363
"401","S-000018","2017-09-16 21:27:12",29.7618137,-95.35796
"122","S-000060","2017-09-16 21:12:38",29.7617863,-95.3579178
"240","S-000060","2017-09-16 21:15:03",29.7617928,-95.3579823
"336","S-000060","2017-09-16 21:16:11",29.7618325,-95.357967
"414","S-000060","2017-09-16 21:17:16",29.7618477,-95.3579976
"675","S-000060","2017-09-16 21:19:13",29.7618695,-95.3579358
"693","S-000060","2017-09-16 21:20:31",29.7617888,-95.3579803
"720","S-000060","2017-09-16 21:21:17",29.7618711,-95.3579579
"437","S-000060","2017-09-16 21:21:40",29.7617792,-95.3579986
"472","S-000060","2017-09-16 21:22:21",29.7618578,-95.3579262
"800","S-000060","2017-09-16 21:22:32",29.7617939,-95.3579795
"142","S-000060","2017-09-16 21:24:41",29.7618495,-95.3579625
"200","S-000060","2017-09-16 21:27:05",29.7618496,-95.3579032
"752","S-000083","2017-09-16 21:11:06",29.76181,-95.3579881
"689","S-000083","2017-09-16 21:11:08",29.7618245,-95.3579222
"474","S-000083","2017-09-16 21:12:13",29.7617862,-95.3579783
"869","S-000083","2017-09-16 21:14:58",29.7617769,-95.3579365
"563","S-000083","2017-09-16 21:15:24",29.7618309,-95.3579174
"969","S-000083","2017-09-16 21:15:31",29.7618475,-95.3579959
"688","S-000083","2017-09-16 21:20:17",29.7618622,-95.3579372
"648","S-000083","2017-09-16 21:20:37",29.761779,-95.3579336
"325","S-000083","2017-09-16 21:22:23",29.7618333,-95.3579639
"511","S-000083","2017-09-16 21:23:15",29.7618449,-95.3579689
"455","S-000083","2017-09-16 21:23:46",29.7618717,-95.357919
"508","S-000083","2017-09-16 21:24:13",29.7618686,-95.3579011
"123","S-000083","2017-09-16 21:24:44",29.761838,-95.3579364
"596","S-000083","2017-09-16 21:24:48",29.7617923,-95.3580007
"223","S-000083","2017-09-16 21:26:15",29.7617898,-95.3579866
"370","S-000098","2017-09-16 21:16:03",29.7618674,-95.3579476
"436","S-000098","2017-09-16 21:16:04",29.7618594,-95.3579119
"132","S-000098","2017-09-16 21:16:11",29.7618286,-95.3579571
"256","S-000098","2017-09-16 21:17:02",29.7617896,-95.3579169
"338","S-000098","2017-09-16 21:18:32",29.7618331,-95.3579755
"742","S-000098","2017-09-16 21:18:34",29.7618439,-95.3579471
"687","S-000098","2017-09-16 21:18:58",29.7618105,-95.357961
"331","S-000098","2017-09-16 21:20:40",29.7618403,-95.357912
"517","S-000082","2017-09-16 21:11:22",29.761791,-95.3579548
"263","S-000082","2017-09-16 21:12:25",29.7617833,-95.3579745
"137","S-000082","2017-09-16 21:14:56",29.7618111,-95.3579625
"594","S-000082","2017-09-16 21:21:44",29.7618296,-95.3579887
"729","S-000082","2017-09-16 21:25:10",29.7617787,-95.3579188
"759","S-000027","2017-09-16 21:15:18",29.7617744,-95.3579612
"283","S-000027","2017-09-16 21:18:49",29.7618498,-95.3579805
"161","S-000027","2017-09-16 21:18:59",29.7618189,-95.3579373
"490","S-000027","2017-09-16 21:19:26",29.7617738,-95.3579787
"400","S-000027","2017-09-16 21:21:34",29.7618718,-95.3579397
"424","S-000027","2017-09-16 21:22:03",29.7618085,-95.3579778
"302","S-000027","2017-09-16 21:22:16",29.761808,-95.357928
"138","S-000027","2017-09-16 21:25:28",29.7618143,-95.3579738
"180","S-000010","2017-09-16 21:15:39",29.76181,-95.3579754
"139","S-000010","2017-09-16 21:16:42",29.761823,-95.3579987
"955","S-000010","2017-09-16 21:16:47",29.761859,-95.3579554
"736","S-000010","2017-09-16 21:17:27",29.7618454,-95.3579991
"861","S-000010","2017-09-16 21:18:16",29.7617774,-95.3579498
"281","S-000010","2017-09-16 21:18:37",29.7618245,-95.3579588
"334","S-000010","2017-09-16 21:18:49",29.761791,-95.3579545
"201","S-000010","2017-09-16 21:19:01",29.7618403,-95.3579735
"157","S-000010","2017-09-16 21:21:18",29.7618271,-95.357991
"211","S-000010","2017-09-16 21:22:44",29.7617816,-95.3579949
"435","S-000010","2017-09-16 21:23:54",29.7618406,-95.3579807
"781","S-000010","2017-09-16 21:26:15",29.7618148,-95.357921
"755","S-000056","2017-09-16 21:11:19",29.7617906,-95.3579465
"862","S-000056","2017-09-16 21:15:00",29.7618692,-95.3579638
"327","S-000056","2017-09-16 21:15:14",29.7618281,-95.3579552
"801","S-000056","2017-09-16 21:16:04",29.7617855,-95.3579488
"717","S-000056","2017-09-16 21:16:57",29.7618427,-95.3579481
"586","S-000056","2017-09-16 21:16:58",29.7617745,-95.3579774
"611","S-000056","2017-09-16 21:17:29",29.7618326,-95.3579366
"153","S-000056","2017-09-16 21:22:35",29.7617998,-95.3579653
"667","S-000056","2017-09-16 21:22:35",29.761827,-95.3579049
"165","S-000056","2017-09-16 21:23:50",29.7617861,-95.3579803
"866","S-000056","2017-09-16 21:25:20",29.7618673,-95.3579318
"550","S-000046","2017-09-16 21:11:31",29.7618196,-95.357993
"162","S-000046","2017-09-16 21:13:36",29.761864,-95.3579014
"836","S-000046","2017-09-16 21:17:00",29.7618435,-95.357957
"520","S-000046","2017-09-16 21:17:11",29.7618396,-95.3579868
"264","S-000046","2017-09-16 21:19:05",29.7618468,-95.3579567
"197","S-000046","2017-09-16 21:19:12",29.7617967,-95.3579663
"935","S-000046","2017-09-16 21:20:10",29.7617757,-95.3579556
"453","S-000046","2017-09-16 21:20:39",29.7618323,-95.3579662
"708","S-000046","2017-09-16 21:21:43",29.7617996,-95.35798
"315","S-000046","2017-09-16 21:22:28",29.7618121,-95.3579089
"960","S-000063","2017-09-16 21:11:28",29.7618685,-95.3579306
"335","S-000063","2017-09-16 21:14:21",29.7617771,-95.357952
"704","S-000063","2017-09-16 21:14:47",29.7618503,-95.3579318
"163","S-000063","2017-09-16 21:15:40",29.7618439,-95.3579064
"908","S-000063","2017-09-16 21:16:25",29.7617724,-95.3579572
"609","S-000063","2017-09-16 21:17:07",29.761807,-95.3579143
"634","S-000063","2017-09-16 21:17:17",29.7618542,-95.3579553
"892","S-000063","2017-09-16 21:17:24",29.7618544,-95.3579182
"817","S-000063","2017-09-16 21:18:26",29.7618082,-95.3579373
"728","S-000063","2017-09-16 21:20:59",29.7618478,-95.3579491
"788","S-000063","2017-09-16 21:21:08",29.7618019,-95.3579843
"923","S-000063","2017-09-16 21:22:07",29.7617996,-95.3579627
"769","S-000063","2017-09-16 21:22:22",29.7618296,-95.3579035
"857","S-000063","2017-09-16 21:23:30",29.7618704,-95.3579317
"684","S-000063","2017-09-16 21:26:07",29.7618515,-95.3579491
"341","S-000063","2017-09-16 21:26:16",29.7617962,-95.3579308
"805","S-000028","2017-09-16 21:11:25",29.7618623,-95.3579672
"494","S-000028","2017-09-16 21:12:19",29.7618239,-95.3579427
"164","S-000028","2017-09-16 21:13:22",29.7617746,-95.3579166
"928","S-000028","2017-09-16 21:15:11",29.7618054,-95.3579705
"524","S-000028","2017-09-16 21:15:39",29.761863,-95.3579951
"889","S-000028","2017-09-16 21:17:40",29.761844,-95.3579324
"314","S-000028","2017-09-16 21:18:51",29.761777,-95.3579146
"722","S-000028","2017-09-16 21:20:12",29.7618415,-95.3579894
"727","S-000028","2017-09-16 21:25:00",29.761807,-95.3579093
"469","S-000028","2017-09-16 21:25:36",29.7618403,-95.3579948
"863","S-000028","2017-09-16 21:26:20",29.7617802,-95.357987
"532","S-000071","2017-09-16 21:13:03",29.7618019,-95.3579496
"175","S-000071","2017-09-16 21:13:08",29.7618594,-95.3579365
"249","S-000071","2017-09-16 21:14:15",29.7618104,-95.3579299
"207","S-000071","2017-09-16 21:14:27",29.7618338,-95.3579328
"900","S-000071","2017-09-16 21:16:36",29.7618706,-95.3579646
"374","S-000071","2017-09-16 21:19:19",29.7617941,-95.3579829
"731","S-000071","2017-09-16 21:19:34",29.7618329,-95.3579868
"233","S-000071","2017-09-16 21:22:18",29.7618491,-95.3579616
"804","S-000020","2017-09-16 21:14:22",29.7618413,-95.358001
"716","S-000020","2017-09-16 21:15:27",29.7618059,-95.3579575
"630","S-000020","2017-09-16 21:16:57",29.7617855,-95.3579975
"179","S-000020","2017-09-16 21:18:55",29.7618619,-95.3579265
"316","S-000020","2017-09-16 21:23:48",29.7617809,-95.3579464
"961","S-000020","2017-09-16 21:26:40",29.7617852,-95.3579785
"968","S-000084","2017-09-16 21:13:37",29.7617889,-95.35791
"193","S-000084","2017-09-16 21:15:23",29.7618703,-95.3579411
"367","S-000084","2017-09-16 21:16:03",29.7618149,-95.3579474
"679","S-000084","2017-09-16 21:19:54",29.7617752,-95.3579036
"496","S-000084","2017-09-16 21:20:05",29.7618229,-95.3579025
"695","S-000084","2017-09-16 21:23:54",29.7618158,-95.3579929
"983","S-000070","2017-09-16 21:11:27",29.7618641,-95.3579378
"356","S-000070","2017-09-16 21:12:28",29.7617783,-95.3579075
"886","S-000070","2017-09-16 21:13:46",29.7617779,-95.357907
"196","S-000070","2017-09-16 21:14:30",29.7618021,-95.3579761
"844","S-000070","2017-09-16 21:14:52",29.7618351,-95.3579511
"884","S-000070","2017-09-16 21:18:09",29.7618368,-95.3579092
"527","S-000070","2017-09-16 21:21:52",29.7618715,-95.3579088
"226","S-000070","2017-09-16 21:22:27",29.7618075,-95.3579789
"732","S-000070","2017-09-16 21:24:11",29.7618568,-95.357987
"692","S-000070","2017-09-16 21:24:54",29.761781,-95.35793
"843","S-000077","2017-09-16 21:10:43",29.7618654,-95.3579961
"261","S-000077","2017-09-16 21:13:40",29.7618161,-95.3579197
"891","S-000077","2017-09-16 21:17:27",29.7618639,-95.3579912
"846","S-000077","2017-09-16 21:17:32",29.7618409,-95.3579023
"864","S-000077","2017-09-16 21:17:48",29.7617749,-95.3579686
"978","S-000077","2017-09-16 21:20:41",29.7618662,-95.3579429
"218","S-000077","2017-09-16 21:26:53",29.761787,-95.3579358
"972","S-000061","2017-09-16 21:16:41",29.7618115,-95.3579113
"248","S-000061","2017-09-16 21:16:51",29.7618337,-95.3579134
"433","S-000061","2017-09-16 21:19:11",29.7618224,-95.3579284
"771","S-000061","2017-09-16 21:23:44",29.7617766,-95.3579019
"899","S-000061","2017-09-16 21:24:06",29.7618137,-95.3579264
"522","S-000061","2017-09-16 21:24:13",29.7618104,-95.3579806
"637","S-000061","2017-09-16 21:25:41",29.7617924,-95.3579379
"222","S-000061","2017-09-16 21:25:46",29.7618588,-95.3579342
"848","S-000061","2017-09-16 21:25:47",29.7618132,-95.3579598
"431","S-000003","2017-09-16 21:15:39",29.7618542,-95.3579083
"958","S-000003","2017-09-16 21:15:40",29.7618117,-95.357993
"733","S-000003","2017-09-16 21:22:08",29.7618217,-95.3579789
"954","S-000003","2017-09-16 21:22:11",29.7618667,-95.3579187
"694","S-000003","2017-09-16 21:22:36",29.7617836,-95.3579453
"224","S-000003","2017-09-16 21:27:16",29.7618504,-95.3579982
"473","S-000001","2017-09-16 21:11:53",29.7617745,-95.3579473
"231","S-000001","2017-09-16 21:14:34",29.7618167,-95.3579894
"425","S-000001","2017-09-16 21:16:44",29.7617925,-95.3579724
"980","S-000001","2017-09-16 21:21:00",29.7618393,-95.3579955
"858","S-000001","2017-09-16 21:23:21",29.7618013,-95.3579366
"918","S-000001","2017-09-16 21:23:54",29.7618335,-95.3579714
"589","S-000001","2017-09-16 21:23:58",29.7618342,-95.3579323
"669","S-000001","2017-09-16 21:24:54",29.761819,-95.3579537
"481","S-000001","2017-09-16 21:25:24",29.7617971,-95.3580007
"974","S-000040","2017-09-16 21:11:46",29.7618276,-95.3579831
"445","S-000040","2017-09-16 21:16:34",29.7618434,-95.3579056
"250","S-000040","2017-09-16 21:17:28",29.7617944,-95.3579362
"795","S-000040","2017-09-16 21:19:34",29.7618425,-95.3579758
"987","S-000040","2017-09-16 21:20:03",29.761782,-95.3579784
"786","S-000040","2017-09-16 21:20:53",29.7618494,-95.3579556
"518","S-000040","2017-09-16 21:22:47",29.7617814,-95.3579713
"780","S-000040","2017-09-16 21:22:52",29.761798,-95.3579412
"394","S-000040","2017-09-16 21:24:50",29.7618164,-95.357925
"416","S-000040","2017-09-16 21:26:40",29.7618222,-95.3579625
"793","S-000035","2017-09-16 21:14:04",29.7617949,-95.3579807
"289","S-000035","2017-09-16 21:15:06",29.7618286,-95.3579477
"592","S-000035","2017-09-16 21:16:12",29.7618594,-95.3579165
"834","S-000035","2017-09-16 21:19:12",29.7618526,-95.3579981
"691","S-000035","2017-09-16 21:19:24",29.7617753,-95.3579943
"268","S-000035","2017-09-16 21:21:50",29.7617777,-95.3579734
"661","S-000035","2017-09-16 21:22:07",29.7617899,-95.3579697
"403","S-000035","2017-09-16 21:24:58",29.7618472,-95.3579492
"375","S-000035","2017-09-16 21:26:26",29.7618364,-95.357974
"547","S-000065","2017-09-16 21:10:43",29.7618457,-95.3579924
"985","S-000065","2017-09-16 21:13:52",29.7618466,-95.3579358
"975","S-000065","2017-09-16 21:16:11",29.7618414,-95.3579385
"956","S-000065","2017-09-16 21:17:09",29.7618187,-95.3579122
"997","S-000065","2017-09-16 21:18:28",29.7618562,-95.3579172
"738","S-000065","2017-09-16 21:18:43",29.7618423,-95.3579985
"714","S-000065","2017-09-16 21:18:51",29.7617977,-95.357966
"286","S-000065","2017-09-16 21:19:08",29.7617752,-95.357925
"885","S-000065","2017-09-16 21:19:16",29.7618494,-95.3579358
"744","S-000065","2017-09-16 21:21:08",29.7618011,-95.3579221
"415","S-000065","2017-09-16 21:22:48",29.7618624,-95.3579109
"551","S-000065","2017-09-16 21:24:35",29.7617983,-95.357905
"510","S-000065","2017-09-16 21:25:16",29.7618156,-95.3579159
"413","S-000094","2017-09-16 21:13:39",29.761784,-95.3579772
"881","S-000094","2017-09-16 21:14:37",29.7618117,-95.3580008
"794","S-000094","2017-09-16 21:15:47",29.7618122,-95.357901
"950","S-000094","2017-09-16 21:18:08",29.7618623,-95.3579068
"288","S-000094","2017-09-16 21:19:51",29.7618316,-95.3579375
"746","S-000094","2017-09-16 21:26:04",29.76178,-95.3579876
"523","S-000094","2017-09-16 21:26:14",29.761787,-95.3579848
"748","S-000014","2017-09-16 21:13:55",29.7617988,-95.357988
"291","S-000014","2017-09-16 21:16:21",29.7618623,-95.357992
"552","S-000014","2017-09-16 21:18:22",29.7617965,-95.3579471
"574","S-000014","2017-09-16 21:23:32",29.7618424,-95.3579233
"597","S-000014","2017-09-16 21:24:08",29.7617937,-95.3579511
"772","S-000014","2017-09-16 21:26:49",29.7618688,-95.3579228
"399","S-000036","2017-09-16 21:12:32",29.7618147,-95.3579917
"973","S-000036","2017-09-16 21:13:59",29.7618463,-95.3579676
"308","S-000036","2017-09-16 21:15:34",29.7618545,-95.3579764
"376","S-000036","2017-09-16 21:16:09",29.7618152,-95.3579422
"657","S-000036","2017-09-16 21:16:48",29.7618201,-95.3579894
"685","S-000036","2017-09-16 21:17:42",29.7617722,-95.3579578
"329","S-000036","2017-09-16 21:18:28",29.7617861,-95.3579166
"730","S-000036","2017-09-16 21:20:44",29.7617783,-95.3579391
"870","S-000036","2017-09-16 21:20:55",29.7618175,-95.357981
"763","S-000036","2017-09-16 21:24:11",29.761805,-95.3579386
"377","S-000036","2017-09-16 21:25:10",29.7617967,-95.3579263
"618","S-000036","2017-09-16 21:25:31",29.7617966,-95.3579217
"697","S-000036","2017-09-16 21:25:33",29.7618158,-95.3579869
"528","S-000009","2017-09-16 21:11:04",29.7618616,-95.3579695
"573","S-000009","2017-09-16 21:18:41",29.7618511,-95.3579941
"640","S-000009","2017-09-16 21:22:07",29.7617891,-95.3579353
"760","S-000009","2017-09-16 21:23:11",29.7617746,-95.3579538
"324","S-000009","2017-09-16 21:23:27",29.761833,-95.3579162
"410","S-000009","2017-09-16 21:24:12",29.761859,-95.3579636
"498","S-000009","2017-09-16 21:24:39",29.7618177,-95.3579585
"502","S-000012","2017-09-16 21:11:05",29.7618039,-95.3579796
"426","S-000012","2017-09-16 21:12:11",29.7618554,-95.3579698
"643","S-000012","2017-09-16 21:14:19",29.7618252,-95.3579492
"920","S-000012","2017-09-16 21:14:33",29.7618305,-95.3579397
"965","S-000012","2017-09-16 21:15:52",29.7617802,-95.3579349
"604","S-000012","2017-09-16 21:16:28",29.7618362,-95.3579673
"663","S-000012","2017-09-16 21:19:54",29.7617922,-95.3579308
"359","S-000012","2017-09-16 21:20:49",29.7618012,-95.3579159
"768","S-000012","2017-09-16 21:26:53",29.7618521,-95.3579023
"590","S-000017","2017-09-16 21:15:32",29.7617834,-95.3579897
"831","S-000017","2017-09-16 21:15:55",29.7618706,-95.357962
"940","S-000017","2017-09-16 21:17:01",29.7617889,-95.3579404
"712","S-000017","2017-09-16 21:17:06",29.761822,-95.3579586
"389","S-000017","2017-09-16 21:19:31",29.7618038,-95.357967
"505","S-000017","2017-09-16 21:21:33",29.7618647,-95.3579666
"461","S-000017","2017-09-16 21:24:01",29.7618298,-95.3579819
"580","S-000017","2017-09-16 21:27:14",29.7617793,-95.3579506
"894","S-000067","2017-09-16 21:11:03",29.7618356,-95.3579123
"624","S-000067","2017-09-16 21:18:26",29.7618455,-95.3579208
"841","S-000067","2017-09-16 21:21:08",29.7617879,-95.3579127
"392","S-000067","2017-09-16 21:23:13",29.7618458,-95.3579972
"628","S-000067","2017-09-16 21:23:35",29.7617851,-95.357964
"451","S-000067","2017-09-16 21:24:06",29.7618084,-95.3579765
"659","S-000088","2017-09-16 21:13:52",29.7618551,-95.3579196
"632","S-000088","2017-09-16 21:13:55",29.7617828,-95.3579507
"626","S-000088","2017-09-16 21:15:28",29.7618102,-95.3579458
"910","S-000088","2017-09-16 21:16:08",29.7618693,-95.3579098
"446","S-000088","2017-09-16 21:16:18",29.7618022,-95.3579405
"568","S-000088","2017-09-16 21:19:17",29.7618392,-95.3579668
"456","S-000088","2017-09-16 21:19:18",29.7617959,-95.3579993
"558","S-000088","2017-09-16 21:24:11",29.7618384,-95.3579482
"747","S-000088","2017-09-16 21:27:19",29.7618666,-95.3579952
"933","S-000050","2017-09-16 21:13:47",29.7618653,-95.3579212
"966","S-000050","2017-09-16 21:14:57",29.7617957,-95.3579088
"766","S-000050","2017-09-16 21:20:00",29.7618473,-95.357984
"561","S-000050","2017-09-16 21:23:58",29.7618021,-95.3579759
"482","S-000050","2017-09-16 21:24:35",29.7618472,-95.3579055
"486","S-000050","2017-09-16 21:24:45",29.7618551,-95.3579336
